flight,chain_id,lat,long,alt,mph,dt_seconds,heading_sin,heading_cos,vertical_speed,horizontal_speed,delta_lat,delta_lon,delta_alt
AAL1009,0,34.5542,-117.832,36525,523,600.0,-0.9768945308341427,-0.21372195869011748,-7.583333333333333,577.2675071760098,-0.1891999999999996,-1.024000000000001,-4550
AAL1009,13,34.5377,-117.172,34600,460,600.0,-0.9929171324703174,-0.11880895608884909,0.08333333333333333,831.7915782429294,-0.15729999999999933,-1.5,50
AAL1009,39,34.5535,-117.508,28325,509,600.0,-0.9863739395256763,-0.16451884823508062,-2.2916666666666665,713.4759374254269,-0.18260000000000076,-1.2780000000000058,-1375
AAL1009,44,34.8299,-118.769,34025,516,600.0,0.9452446522721033,-0.32636260102988296,5.083333333333333,828.5435100078365,-0.4136000000000024,1.4230000000000018,3050
AAL1029,7,34.9913,-118.583,37675,500,600.0,0.9326917047846356,-0.3606746232075806,0.08333333333333333,828.482884261238,-0.45600000000000307,1.4059999999999917,50
AAL115,0,34.6139,-117.215,38375,460,600.0,-0.9999084188991659,-0.013533433214458337,0.20833333333333334,821.7234759824382,-0.02580000000000382,-1.4959999999999951,125
AAL1187,15,34.6595,-117.18,34825,460,600.0,-0.9748008254569394,0.22307700618501577,-32.875,678.7886745271827,0.22099999999999653,-1.208999999999989,-19725
AAL1483,25,34.6511,-117.429,32650,506,600.0,-0.9827377187152052,-0.1850042599899642,-13.625,649.8241716074074,-0.1856999999999971,-1.1610000000000014,-8175
AAL1981,9,34.6497,-117.437,35600,460,600.0,-0.9827441114958237,-0.18497029848136132,-13.541666666666666,717.72523911381,-0.20570000000000022,-1.2819999999999965,-8125
AAL1981,16,34.6471,-117.311,33500,504,600.0,-0.9863260513349161,-0.1648057051745249,-10.833333333333334,747.9292220493503,-0.1921000000000035,-1.340999999999994,-6500
AAL2059,10,34.4358,-117.411,32825,539,600.0,-0.8923779336953302,0.45128884702998445,-0.041666666666666664,737.3785394573623,0.4928999999999988,-1.203000000000003,-25
AAL2059,29,34.5507,-117.697,27875,543,600.0,-0.9034230709020309,0.42875022444535704,3.5416666666666665,639.1425053679045,0.40619999999999834,-1.0559999999999974,2125
AAL2516,15,35.064,-118.665,31775,532,600.0,0.8656071235545892,-0.5007237837885775,9.958333333333334,879.5654898622532,-0.6679999999999993,1.3830000000000098,5975
AAL2516,37,34.5102,-117.502,29250,460,600.0,-0.8600435963945774,0.5102205526051271,-13.083333333333334,719.472584445363,0.5450000000000017,-1.1330000000000098,-7850
AAL2555,14,34.5456,-117.662,36875,532,600.0,-0.9088132943431171,0.4172030632979711,0.20833333333333334,625.9105113221426,0.38700000000000045,-1.039999999999992,125
AAL684,3,34.3835,-117.794,34875,520,600.0,-0.8600628228772632,0.510188142457656,-0.08333333333333333,779.9217900902637,0.5902999999999992,-1.2270000000000039,-50
AAL922,2,34.8607,-118.705,20475,488,600.0,0.7220435846804675,-0.6918475712335634,22.208333333333332,831.2204395754134,-0.8668000000000049,1.0849999999999937,13325
AAY98,7,34.5805,-117.686,29000,502,600.0,-0.9769752625372007,-0.2133526104606356,-0.16666666666666666,647.65545388762,-0.21249999999999858,-1.1489999999999867,-100
AAY98,8,34.5401,-117.343,26450,460,600.0,-0.9907158690328326,-0.13594876552039445,-3.3333333333333335,636.7230697523421,-0.13510000000000133,-1.1460000000000008,-2000
AMF1902,24,34.6127,-118.064,6950,460,600.0,0.4380658542631179,0.8989428832404898,-3.9583333333333335,90.1152783884136,0.12140000000000128,0.07199999999998852,-2375
ARRIS02,0,34.6471,-118.149,4400,460,600.0,0.9450323639376472,0.32697680515660793,-1.125,40.64513440620011,0.019899999999999807,0.07000000000000739,-675
ARRIS02,1,34.6429,-118.024,3375,460,600.0,-0.9981577148966413,0.0606726972559767,0.0,1.0998002491333856,0.00010000000000331966,-0.001999999999995339,0
ARRIS02,2,34.7186,-117.878,4950,460,600.0,-0.7537960574641621,-0.6571084413941778,-1.625,46.585791476996356,-0.04590000000000316,-0.06399999999999295,-975
ARRIS02,9,34.6907,-118.065,4925,260,600.0,0.539559730313664,-0.8419473246135094,-2.0416666666666665,12.20268603015402,-0.015399999999999636,0.012000000000000455,-1225
ARRIS69,5,34.9352,-117.988,25250,430,600.0,0.38947151541437547,0.9210385109651116,-20.458333333333332,33.684757192603335,0.04649999999999466,0.02400000000000091,-12275
ARRIS69,6,34.7106,-118.037,5400,460,600.0,-0.8099773869433714,-0.5864611092309429,-2.3333333333333335,68.43727525499143,-0.06020000000000181,-0.10099999999999909,-1400
ARRIS69,7,34.6163,-118.122,3900,460,600.0,0.7613374543752737,0.6483558286661562,1.625,108.75994544016055,0.10559999999999548,0.15099999999999625,975
ARRIS69,8,34.6314,-118.098,2850,460,600.0,-0.2707403683569167,0.9626524050465781,4.208333333333333,99.18273383874997,0.143100000000004,-0.049000000000006594,2525
ARRIS69,9,34.7186,-117.852,5450,274,600.0,-0.9970218924661886,0.07711903748841745,0.041666666666666664,47.84891496442125,0.00549999999999784,-0.08699999999998909,25
ASA1320,18,35.0284,-118.62,30425,506,600.0,0.8046626172608538,-0.5937323238488139,-23.875,630.2826964613622,-0.5643999999999991,0.9220000000000113,-14325
ASA356,2,34.5563,-117.237,26075,511,600.0,-0.9389573457161837,0.34403357819494745,20.916666666666668,730.5218596798896,0.3703000000000003,-1.2540000000000049,12550
ASA685,0,34.568,-117.359,28925,506,600.0,-0.9099191045416547,0.4147857557705101,13.0,754.0836846869212,0.46240000000000236,-1.2560000000000002,7800
ASA690,10,35.0085,-118.522,29025,481,600.0,0.7923128004630405,-0.6101150926033663,-13.416666666666666,681.7452347528636,-0.6273999999999944,0.9810000000000088,-8050
ASA690,12,35.1487,-118.635,31300,516,600.0,0.7542339567972881,-0.6566057709264415,-17.666666666666668,745.1032725317053,-0.7376000000000005,1.0210000000000008,-10600
ASA775,8,35.1222,-118.652,32075,506,600.0,0.7717196044693365,-0.6359629329431794,-29.833333333333332,699.3496027065435,-0.6706000000000003,0.9809999999999945,-17900
ASA775,13,35.1826,-118.667,33500,525,600.0,0.7451971850374375,-0.6668441762603008,-31.833333333333332,715.2792167851443,-0.7188000000000017,0.9690000000000083,-19100
ASH5812,28,34.6596,-117.816,36525,527,600.0,-0.9160010089966251,0.4011759607917265,-4.0,731.8116589675564,0.4339000000000013,-1.2279999999999944,-2400
BLK11,2,34.6303,-118.069,12475,437,600.0,0.8545640429496458,0.5193460277094222,-7.458333333333333,5.781277555440679,0.0045000000000001705,0.009000000000000341,-4475
BLK11,2,34.6348,-118.06,8000,253,600.0,-0.9629367627504349,-0.2697272528754048,0.041666666666666664,170.0220405136309,-0.06909999999999883,-0.2980000000000018,25
COBRA52,1,34.6902,-117.881,4875,207,600.0,-0.9881346741198446,-0.15358992741084448,-1.7916666666666667,87.73700552058953,-0.020299999999998875,-0.15800000000000125,-1075
COBRA52,1,34.6699,-118.039,3800,460,600.0,-0.866483362049789,-0.49920595277990654,-0.9166666666666666,51.951660182242826,-0.03889999999999816,-0.08199999999999363,-550
COBRA52,2,34.7209,-117.846,4875,460,600.0,-0.9831665078582277,-0.18271184369344398,2.5833333333333335,214.33283552414196,-0.05930000000000035,-0.38400000000000034,1550
COBRA52,3,34.7163,-117.974,4900,237,600.0,-0.8827430827927565,-0.46985598834274817,-0.5,112.55352148041892,-0.07939999999999969,-0.18099999999999739,-300
COBRA52,4,34.7353,-117.875,4900,460,600.0,-0.9686959919522999,-0.2482500255298065,1.4166666666666667,152.92371684483766,-0.057200000000001694,-0.269999999999996,850
DAL1413,44,34.3881,-118.465,36975,539,600.0,-0.19136034396585058,0.9815198514331085,-0.20833333333333334,572.4449363925187,0.8419999999999987,-0.2009999999999934,-125
DAL1837,10,34.0901,-117.698,36725,460,600.0,-0.6184107436867061,0.7858550452168995,-0.08333333333333333,817.8681785532942,0.9598999999999975,-0.9260000000000019,-50
DAL1837,26,34.3179,-117.922,36150,516,600.0,-0.631635917252692,0.7752651598236248,0.0,590.9453377046739,0.6847999999999956,-0.6830000000000069,0
DAL2171,9,34.569,-117.369,26675,490,600.0,-0.9191674477756693,0.3938669863666697,15.166666666666666,717.7559739463927,0.4177999999999997,-1.2069999999999936,9100
DAL2171,41,34.5769,-117.453,29075,513,600.0,-0.9104440822563169,0.41363217123968116,8.625,682.5431280553101,0.41789999999999594,-1.1370000000000005,5175
DAL2171,45,35.1326,-118.622,31250,520,600.0,0.7637569385201651,-0.6455039417868063,-20.041666666666668,761.9414458577354,-0.7417999999999978,1.0570000000000022,-12025
DJR12,2,34.6551,-117.785,42700,414,600.0,-0.7954914731339712,0.6059647812960292,1.7916666666666667,596.2853797654498,0.5385000000000062,-0.8700000000000045,1075
DJR12,6,34.4711,-117.504,36825,405,600.0,-0.8791547143558683,0.47653645004957557,5.875,562.8477084664988,0.39869999999999806,-0.9039999999999964,3525
DJR213,2,34.3425,-118.466,36100,437,600.0,0.9696760006093477,0.24439405443312323,2.5416666666666665,803.3442760515222,0.2860999999999976,1.418999999999997,1525
DJR213,3,34.4995,-117.684,34500,467,600.0,-0.8719433419807368,0.48960678955204856,-0.9583333333333334,614.013568840893,0.4466999999999999,-0.9789999999999992,-575
DJR841,0,34.5341,-117.619,40550,463,600.0,-0.9164698625083842,0.40010372544361955,-0.08333333333333333,565.0173427339469,0.3352000000000004,-0.945999999999998,-50
DJR841,4,34.5953,-117.366,34375,467,600.0,-0.9914620681642691,-0.13039542703419568,-9.125,641.3386200926282,-0.1308000000000007,-1.156000000000006,-5475
DJR841,6,34.5858,-117.933,32600,470,600.0,-0.7824105868448282,0.6227629353077554,13.625,492.1831197468417,0.4573999999999998,-0.7049999999999983,8175
DLX313,16,34.488,-117.912,11650,460,600.0,-0.6499354829240805,0.7599893867918434,-6.083333333333333,224.3721829149696,0.2552999999999983,-0.26599999999999113,-3650
ENY3362,0,34.6564,-117.628,36700,460,600.0,-0.9510728327852501,0.30896677287022256,-4.416666666666667,629.6452959103935,0.2867000000000033,-1.0949999999999989,-2650
ENY4004,1,34.6351,-117.431,36775,511,600.0,-0.9598569956971404,0.28048983548652845,-0.875,724.2446258363254,0.2978999999999985,-1.2710000000000008,-525
FDX1837,11,34.5258,-117.464,38350,541,600.0,-0.8773901620722959,0.4797775562682672,-0.08333333333333333,720.9524845891478,0.5130000000000052,-1.1580000000000013,-50
FFT2783,3,34.5601,-117.736,37300,486,600.0,-0.9426267009847313,0.33384862226859935,0.08333333333333333,701.7480361366041,0.3451999999999984,-1.208999999999989,50
FFT2791,16,34.5454,-117.667,37675,523,600.0,-0.9056667849209599,0.4239901823048877,0.041666666666666664,641.8493023027817,0.40330000000000155,-1.0630000000000024,25
GAJ862,3,34.5705,-117.886,22575,327,600.0,-0.8794003649598559,0.47608297397457133,0.0,444.34190019305373,0.3149999999999977,-0.7139999999999986,0
GAJ885,1,34.4758,-118.109,26500,327,600.0,-0.7881612794960782,0.6154687624104939,-0.08333333333333333,387.7111140753803,0.3564000000000007,-0.5580000000000069,-50
GRZLY50,3,34.7003,-117.909,4900,460,600.0,-0.9977354613277979,0.0672603093139363,0.0,48.92506189406518,0.004899999999999238,-0.08899999999999864,0
GRZLY50,3,34.7052,-117.998,4900,460,600.0,-0.6944793599606015,-0.7195126257326644,-1.5833333333333333,87.76408795124149,-0.09469999999999601,-0.11099999999999,-950
GRZLY50,3,34.6105,-118.109,3950,460,600.0,0.5711946974707097,0.820814606096495,-0.041666666666666664,16.338518559245,0.02009999999999934,0.016999999999995907,-25
GRZLY50,3,34.6306,-118.092,3925,460,600.0,0.163920858150705,0.9864734929348768,0.25,20.086737320003195,0.029699999999998283,0.006000000000000227,150
GRZLY50,3,34.6603,-118.086,4075,460,600.0,0.79894911999368,-0.6013986229293549,-1.2916666666666667,38.480702830543315,-0.03470000000000084,0.055999999999997385,-775
HAL31,0,34.5972,-117.537,32300,534,600.0,-0.9724518783588467,-0.23310371999680912,0.25,585.4050253479372,-0.20889999999999986,-1.0339999999999918,150
HAL31,10,34.6146,-117.417,28825,539,600.0,-0.9730230661272202,-0.23070785158807047,3.3333333333333335,696.1295579292108,-0.24690000000000367,-1.230000000000004,2000
HAL5,1,34.8147,-117.359,38825,543,600.0,-0.9629969351771638,-0.26951234264758517,2.875,856.2562302559345,-0.3551000000000002,-1.4990000000000094,1725
HAL5,6,34.7393,-117.608,38850,460,600.0,-0.963439983503431,-0.26792423964044154,-0.08333333333333333,617.5838398955359,-0.2528000000000006,-1.0819999999999936,-50
HAL7,7,34.6575,-117.826,38475,525,600.0,-0.9693980707687976,-0.24549415551033665,0.08333333333333333,752.076580456222,-0.2838999999999956,-1.3240000000000123,50
HGT5214,13,34.5752,-117.873,37125,513,600.0,-0.8785524140108085,0.4776459523912884,0.0,691.1763190787188,0.48979999999999535,-1.1119999999999948,0
N107PT,9,34.4748,-117.577,45850,338,600.0,-0.8397278549819646,0.5430074857378936,0.5,565.3821756607131,0.45709999999999695,-0.867999999999995,300
N1643H,8,34.5273,-117.916,8475,460,600.0,-0.9746785726554986,-0.22361055432657906,0.0,169.8598139450877,-0.05729999999999791,-0.30100000000000193,0
N17VA,0,34.8767,-118.419,19050,460,600.0,0.8225111676421032,-0.5687489596509377,-1.6666666666666667,484.87319941763735,-0.41550000000000153,0.7249999999999943,-1000
N212BW,0,34.6794,-118.093,6375,198,600.0,-0.2212877767642068,0.9752085519799109,0.0,61.915522689683925,0.09049999999999869,-0.024999999999991473,0
N212BW,2,34.6666,-117.88,6450,212,600.0,-0.9394591479047509,0.3426609248485729,-0.041666666666666664,114.40099025224211,0.05859999999999843,-0.19599999999999795,-25
N212BW,3,34.6904,-117.972,6425,200,600.0,-0.954809810669301,0.2972174716426568,0.0,46.52581335729185,0.020700000000005048,-0.08100000000000307,0
N212BW,3,34.7111,-118.053,6425,460,600.0,-0.9997250660922982,0.023447648640112537,-0.041666666666666664,82.28519064527971,0.00280000000000058,-0.15000000000000568,-25
N212BW,3,34.7139,-118.203,6400,198,600.0,0.9861051081158728,0.16612259252667208,-0.041666666666666664,118.41679582240334,0.029299999999999216,0.21300000000000807,-25
N212BW,4,34.718,-117.988,9400,200,600.0,-0.9783843566679247,0.2067947064784086,0.0,101.4130879245689,0.031299999999994554,-0.18099999999999739,0
N212BW,4,34.7493,-118.169,9400,212,600.0,0.782963535922405,0.6220676019661247,0.0,13.300623291151872,0.012399999999999523,0.018999999999991246,0
N212BW,5,34.818,-118.137,6350,216,600.0,0.04035612073027666,-0.9991853599405884,-3.2916666666666665,149.70103728264186,-0.22419999999999618,0.01099999999999568,-1975
N212BW,5,34.5938,-118.126,4375,177,600.0,0.9804360102625713,-0.1968380801075117,0.0,14.565218258424148,-0.004300000000000637,0.02600000000001046,0
N212BW,5,34.5895,-118.1,4375,460,600.0,0.9991008276163232,0.04239736143179088,0.0,42.87795209327165,0.00269999999999726,0.07799999999998875,0
N212BW,5,34.5922,-118.022,4375,180,600.0,-0.903502331506655,0.42858317391381384,0.0,30.994570105815587,0.019899999999999807,-0.05099999999998772,0
N212BW,5,34.6121,-118.073,4375,460,600.0,-0.8994037037835737,-0.43711895133978085,0.0,0.6105091104704937,-0.00039999999999906777,-0.0010000000000047748,0
N212BW,5,34.6117,-118.074,4375,182,600.0,-0.9993052251470969,-0.03727018907532092,0.0,39.01382072176026,-0.002200000000001978,-0.07099999999999795,0
N212BW,5,34.6095,-118.145,4375,180,600.0,0.9774477978554149,0.2111771826396024,0.0,5.055904895538939,0.0016000000000033765,0.009000000000000341,0
N212BW,5,34.6111,-118.136,4375,182,600.0,0.9991735958601146,0.0406463446815131,0.0,19.78359554667523,0.0011999999999972033,0.036000000000001364,0
N212BW,5,34.6123,-118.1,4375,182,600.0,-0.8495434410066984,-0.5275186649233354,0.0,28.446472658102838,-0.022500000000000853,-0.04400000000001114,0
N212BW,5,34.5898,-118.144,4375,460,600.0,0.6269037829251779,0.7790966865249148,0.0,19.269279672927468,0.022500000000000853,0.02200000000000557,0
N212BW,7,34.6759,-118.104,4100,205,600.0,0.18251415259858603,-0.9832032262463443,-0.375,60.18781102092578,-0.08869999999999578,0.01999999999999602,-225
N212BW,7,34.5872,-118.084,3875,460,600.0,0.8339405523775997,0.5518542879240351,0.0,29.62949438675194,0.02449999999999619,0.045000000000001705,0
N212BW,7,34.6117,-118.039,3875,460,600.0,-0.9999906588998283,-0.00432228100512861,0.0,29.10233084096678,-0.00019999999999953388,-0.05299999999999727,0
N2468Y,0,34.6566,-118.372,7425,460,600.0,0.95247132944176,0.30462824325962656,-0.08333333333333333,196.8412120966294,0.08940000000000481,0.34199999999999875,-50
N2468Y,0,34.746,-118.03,7375,143,600.0,-0.9998354147698487,-0.018142308893977607,0.08333333333333333,137.6284692726117,-0.0040000000000048885,-0.2510000000000048,50
N2468Y,0,34.742,-118.281,7425,460,600.0,0.9999969095112026,0.002486155273437722,0.0,30.152755694210697,0.00010000000000331966,0.05500000000000682,0
N2468Y,0,34.7421,-118.226,7425,460,600.0,-0.3837573848469006,-0.9234339551778826,0.041666666666666664,12.860039684023354,-0.017800000000001148,-0.009000000000000341,25
N2468Y,0,34.7243,-118.235,7450,115,600.0,-0.362876349201952,0.9318373008148273,-0.041666666666666664,15.107304955955486,0.02109999999999701,-0.010000000000005116,-25
N2468Y,0,34.7454,-118.245,7425,115,600.0,0.5651215574156782,-0.8250076516882,0.041666666666666664,19.40706693160538,-0.023999999999993804,0.020000000000010232,25
N2468Y,2,34.5893,-118.06,7650,460,600.0,0.9502745557074644,0.3114133407145253,-0.041666666666666664,34.09445178663329,0.015900000000002024,0.0589999999999975,-25
N2468Y,3,34.4825,-118.045,8900,184,600.0,-0.7253653155984916,0.6883641179831359,-2.0416666666666665,98.4415236513669,0.10150000000000148,-0.12999999999999545,-1225
N2468Y,4,34.6891,-118.329,7850,154,600.0,0.9275383702573872,-0.3737279380783168,-0.4166666666666667,200.17743632662356,-0.11260000000000048,0.33799999999999386,-250
N2468Y,6,34.6292,-118.131,7575,460,600.0,-0.941757116839625,0.3362938192740344,-0.041666666666666664,9.326349978611955,0.004699999999999704,-0.016000000000005343,-25
N2468Y,6,34.6339,-118.147,7550,147,600.0,-0.9969240265257259,0.07837400931261534,0.041666666666666664,40.19451459769448,0.004699999999999704,-0.07299999999999329,25
N2468Y,6,34.6386,-118.22,7575,460,600.0,0.9990944414527513,0.04254758580947851,-0.041666666666666664,86.2522996722441,0.005400000000001626,0.15699999999999648,-25
N2468Y,6,34.644,-118.063,7550,152,600.0,-0.9998501482120853,-0.017311300363376133,-0.041666666666666664,136.69783622996167,-0.0037999999999982492,-0.24899999999999523,-25
N2468Y,6,34.6402,-118.312,7525,460,600.0,0.9985603873965916,0.05363909695706086,0.041666666666666664,190.16081925006836,0.014800000000001035,0.34600000000000364,25
N2468Y,7,34.661,-118.12,7525,460,600.0,0.0,1.0,-0.041666666666666664,3.9363004032147573,0.005899999999996908,0.0,-25
N2468Y,7,34.6669,-118.12,7500,152,600.0,-0.9994133437268724,0.03424862596765712,-0.08333333333333333,93.88233332652332,0.004699999999999704,-0.17099999999999227,-50
N2468Y,8,34.7025,-118.073,7450,152,600.0,-0.9978787728177998,0.06509957572551432,0.0,120.90789658916731,0.011600000000001387,-0.22000000000001307,0
N2468Y,8,34.7141,-118.293,7450,460,600.0,0.99925162615008,0.03868058474765824,0.0,109.75704279610713,0.006199999999999761,0.20000000000000284,0
N2468Y,9,34.7381,-118.162,7400,460,600.0,-0.8942460801584933,-0.447575633967232,-0.7083333333333334,36.79662452052086,-0.02470000000000283,-0.05999999999998806,-425
N28VJ,12,34.5046,-118.291,16650,226,600.0,0.9855341486170852,0.1694769657198201,20.875,327.14761674196785,0.08169999999999789,0.5870000000000033,12525
N2901B,5,34.6625,-118.269,5325,460,600.0,0.7851116580762237,0.6193542478685382,-0.16666666666666666,99.83878752990931,0.09259999999999735,0.14300000000000068,-100
N2901B,8,34.5995,-118.261,4950,460,600.0,0.9435058766390904,-0.33135579178203833,-0.16666666666666666,104.83614347320768,-0.052199999999999136,0.1799999999999926,-100
N2901B,8,34.5473,-118.081,4850,460,600.0,-0.5149284778459406,0.8572331437265259,-2.25,123.55609655527968,0.15870000000000317,-0.11599999999999966,-1350
N307MD,3,34.7108,-117.825,12025,460,600.0,-0.13971747110358332,-0.9901914099144767,0.0,39.281004015663534,-0.05829999999999558,-0.009999999999990905,0
N307MD,3,34.6525,-117.835,12025,460,600.0,-0.9888243208271965,-0.14908542028190896,0.041666666666666664,43.29716445059899,-0.009700000000002262,-0.07800000000000296,25
N307MD,3,34.6428,-117.913,12050,460,600.0,-0.9962051613970994,-0.08703606382287253,0.0,33.61151570411454,-0.004400000000003956,-0.06100000000000705,0
N307MD,3,34.6384,-117.974,12050,460,600.0,-0.9956806158810478,-0.09284455373761742,0.0,40.79890901413913,-0.005699999999997374,-0.07399999999999807,0
N307MD,3,34.6327,-118.048,12050,460,600.0,-0.7761822166739553,0.6305086569739587,-3.375,39.58816099687536,0.0373999999999981,-0.055999999999997385,-2025
N30VJ,6,34.5022,-117.719,30675,460,600.0,-0.801157768317463,0.5984531980569426,0.0,521.3736007692362,0.46529999999999916,-0.76400000000001,0
N369QC,5,34.6306,-117.973,13925,460,600.0,0.9106495993653612,0.41317950962711975,4.083333333333333,106.61648072569511,0.06589999999999918,0.1769999999999925,2450
N391DT,10,34.4916,-118.266,15600,460,600.0,0.9840548227632844,0.177865414840325,22.916666666666668,533.8713032512169,0.13860000000000383,0.9570000000000078,13750
N439RS,0,34.7525,-117.934,6475,460,600.0,-0.8941935944282657,-0.44768048392068444,-2.25,41.699690402734255,-0.027999999999998693,-0.06799999999999784,-1350
N439RS,2,34.7769,-118.127,5550,460,600.0,0.24717476846523415,-0.9689709148545986,-1.4166666666666667,73.25696619153437,-0.10640000000000072,0.03300000000000125,-850
N439RS,2,34.6705,-118.094,4700,460,600.0,0.4338200557015203,-0.9009995334466772,2.2916666666666665,40.50100333615575,-0.05469999999999686,0.031999999999996476,1375
N439RS,3,34.7492,-117.97,8725,460,600.0,-0.9991913863256268,-0.040206634933455554,-6.208333333333333,36.210328208191974,-0.002200000000001978,-0.0660000000000025,-3725
N439RS,3,34.747,-118.036,5000,460,600.0,-0.6563439609525277,-0.7544617981853997,-1.2916666666666667,83.6185010214935,-0.0945999999999998,-0.09999999999999432,-775
N488K,13,34.6858,-117.845,11100,460,600.0,-0.9886518705391126,-0.15022476120637915,-6.916666666666667,278.77353757679634,-0.06380000000000052,-0.5019999999999953,-4150
N488K,19,34.644,-117.861,9850,460,600.0,-0.9850038071800361,-0.1725326051528647,-3.125,273.8389912576129,-0.07179999999999609,-0.49099999999999966,-1875
N525JN,3,34.5203,-118.05,40725,465,600.0,-0.8441294744383682,0.5361393758943699,-13.083333333333334,627.1990516237313,0.5001999999999995,-0.9690000000000083,-7850
N54DD,9,34.4472,-118.013,24950,460,600.0,-0.8333975161109415,0.5526740270178372,11.125,634.3651240000382,0.5216999999999956,-0.9669999999999987,6675
N550ML,4,34.6142,-118.387,30425,371,600.0,-0.8260459612999601,0.5636027588825526,10.083333333333334,569.6554199895182,0.47820000000000107,-0.8619999999999948,6050
N566VR,6,34.5896,-117.589,31250,460,600.0,-0.8626540212358975,0.5057944638344073,10.458333333333334,665.7328329555531,0.5001999999999995,-1.0520000000000067,6275
N566VR,8,35.0321,-118.539,28325,458,600.0,0.7848483704865488,-0.6196878531523827,-11.416666666666666,693.1142578078133,-0.6477999999999966,0.9879999999999995,-6850
N5699K,4,34.6247,-118.086,6975,460,600.0,-0.11011352123315865,0.9939190170439616,0.125,19.93621123994871,0.02970000000000539,-0.0040000000000048885,75
N5699K,15,34.6696,-118.113,5925,460,600.0,0.7653874971808782,-0.6435697158499545,0.041666666666666664,114.85833407307217,-0.11090000000000089,0.1599999999999966,25
N628SR,7,34.5399,-117.824,28900,279,600.0,-0.8295003540598622,0.5585061885194855,-0.125,344.64200761599676,0.2873999999999981,-0.5220000000000056,-75
N6313C,1,34.6459,-118.345,5500,460,600.0,0.6423002501317379,-0.7664531222982309,0.75,65.00310632547155,-0.07469999999999999,0.0759999999999934,450
N6626J,0,34.7121,-118.173,4950,460,600.0,0.6584195608447316,-0.7526511023688405,1.7083333333333333,85.05921636525643,-0.09599999999999653,0.10200000000000387,1025
N6626J,0,34.6161,-118.071,5975,460,600.0,0.4391677870581291,0.8984050616567484,0.0,7.500526018972891,0.010099999999994225,0.006000000000000227,0
N6626J,3,34.6237,-118.048,6500,460,600.0,-0.848502525932672,-0.52919132975312,-0.08333333333333333,9.706495192506608,-0.007699999999999818,-0.015000000000000568,-50
N6626J,4,34.681,-118.147,5525,460,600.0,0.7791851489436352,-0.6267938286754944,0.08333333333333333,46.496056045851645,-0.04369999999999408,0.0660000000000025,50
N68961,5,34.6918,-118.318,4950,460,600.0,0.9994139631644359,0.03423054530613806,0.625,160.8078726146929,0.007899999999999352,0.29299999999999216,375
N7178Q,0,34.6368,-118.351,6950,460,600.0,0.9961619945668849,-0.08752874145402459,0.0,15.980651219800276,-0.0020999999999986585,0.028999999999996362,0
N7178Q,0,34.6347,-118.322,6950,460,600.0,0.9871449559554083,-0.159827519319406,0.041666666666666664,15.015096430508414,-0.0035999999999987153,0.027000000000001023,25
N7178Q,0,34.6311,-118.295,6975,460,600.0,0.9879208412481636,-0.1549593863808214,-0.16666666666666666,13.336768580057072,-0.0031000000000034333,0.02400000000000091,-100
N7178Q,0,34.628,-118.271,6875,460,600.0,0.9974471523295048,-0.07140853107130661,0.08333333333333333,24.21797920797885,-0.002600000000001046,0.04399999999999693,50
N7178Q,0,34.6254,-118.227,6925,460,600.0,0.7738496140175058,-0.6333693826551432,0.0,13.48152881572834,-0.01279999999999859,0.019000000000005457,0
N7178Q,0,34.6126,-118.208,6925,460,600.0,-0.9733343743777727,-0.22939092321761503,-0.041666666666666664,19.181982240763826,-0.006599999999998829,-0.034000000000006025,-25
N7178Q,0,34.606,-118.242,6900,460,600.0,-0.39651942505700705,0.9180263316226069,0.0,30.45198229432753,0.04189999999999827,-0.02199999999999136,0
N7178Q,0,34.6479,-118.264,6900,460,600.0,-0.8441765396161212,-0.536065266513091,0.16666666666666666,28.615223786028782,-0.02300000000000324,-0.04400000000001114,100
N7178Q,0,34.6249,-118.308,7000,460,600.0,0.7221792929877612,-0.6917059120606801,0.041666666666666664,26.61614487634983,-0.027599999999999625,0.0350000000000108,25
N721MT,7,34.4938,-118.28,13675,460,600.0,0.9463965282844151,0.3230071380808887,6.291666666666667,351.9600219382054,0.16890000000000072,0.6069999999999993,3775
N753AW,2,34.8918,-118.396,17650,315,600.0,0.8312414588832788,-0.5559115370574694,0.0,528.1658562383777,-0.4427000000000021,0.7980000000000018,0
N753AW,10,34.6053,-117.766,22600,460,600.0,-0.9044672355497801,0.4265431042895179,-0.08333333333333333,353.00159927802275,0.2242999999999995,-0.5829999999999984,-50
N80KA,2,34.612,-117.959,7350,460,600.0,0.03474397410513619,0.9993962458721674,-2.7083333333333335,78.90715050942268,0.11820000000000164,0.005000000000009663,-1625
N80KA,5,34.6508,-117.999,4950,460,600.0,0.5624528495293785,0.826829360906035,-0.20833333333333334,61.41824563628781,0.07610000000000383,0.06299999999998818,-125
N80KA,6,34.7603,-118.062,5225,460,600.0,0.1436828765062801,-0.9896237825552098,-2.375,80.22440026852927,-0.11899999999999977,0.021000000000000796,-1425
N822LA,0,34.6401,-118.143,2650,460,600.0,-0.12449142124803415,-0.9922206841401989,1.3333333333333333,22.054663680661072,-0.03279999999999461,-0.0049999999999954525,800
N822LA,8,34.5099,-118.053,4150,460,600.0,-0.5573278132449465,0.8302925439768841,-1.3333333333333333,48.30034373664378,0.06009999999999849,-0.049000000000006594,-800
N847UP,6,34.5971,-117.573,22825,460,600.0,-0.9877733115620765,-0.1558970332164438,0.041666666666666664,478.80518916318425,-0.11489999999999867,-0.8600000000000136,25
N865NA,2,34.6314,-118.082,4750,460,600.0,-0.20004920458483252,0.9797858519824502,-2.2916666666666665,19.202476682070373,0.028199999999998226,-0.007000000000005002,-1375
N865NA,7,34.7122,-117.931,5300,460,600.0,-0.9021497672392592,-0.43142299135552625,-3.2916666666666665,103.42883569598695,-0.06700000000000017,-0.1700000000000017,-1975
N865NA,8,34.7011,-117.951,5100,460,600.0,-0.8447683216999577,-0.5351322104417157,-3.375,100.7387132643215,-0.08089999999999975,-0.15500000000000114,-2025
N865NA,8,34.6202,-118.106,3075,460,600.0,0.7003830993536312,0.7137671287890761,2.9583333333333335,26.643814326881824,0.02850000000000108,0.033999999999991815,1775
N900CU,2,34.6951,-117.972,4925,214,600.0,-0.9605220194793321,-0.27820397210562153,-0.20833333333333334,101.13405178727976,-0.04229999999999734,-0.1770000000000067,-125
N900CU,3,34.7769,-118.081,11875,460,600.0,0.15628505120914452,-0.987711993836541,-14.166666666666666,94.83393668815613,-0.14039999999999964,0.027000000000001023,-8500
N900CU,4,34.6453,-118.044,3375,460,600.0,-0.807953514693899,-0.5892462287480299,0.0,0.6793408144227105,-0.0005999999999986017,-0.0010000000000047748,0
N900CU,4,34.6447,-118.045,3375,460,600.0,-0.8003347043537906,-0.5995534680134297,0.0,28.8129229015047,-0.025900000000000034,-0.04200000000000159,0
N900CU,4,34.6188,-118.087,3375,460,600.0,-0.59714945735114,-0.8021299929470529,0.0,30.355085174598663,-0.03650000000000375,-0.03300000000000125,0
N900CU,4,34.5823,-118.12,3375,460,600.0,0.9846684737309289,0.17443622571129824,0.0,25.658620599571414,0.006700000000002149,0.04600000000000648,0
N909SF,9,34.971,-118.967,30800,460,600.0,0.752044460969563,-0.6591123794354036,0.16666666666666666,725.2386154229688,-0.7204999999999941,0.9890000000000043,100
N93WP,11,34.7375,-118.058,4200,460,600.0,-0.717501865715103,-0.6965565825511566,1.5416666666666667,57.35085837529884,-0.059899999999998954,-0.07499999999998863,925
N93WP,11,34.6776,-118.133,5125,460,600.0,0.9015931990282116,-0.43258490896710183,1.1666666666666667,63.3198237426632,-0.041100000000000136,0.1039999999999992,700
N93WP,11,34.6365,-118.029,5825,460,600.0,-0.9988065860948332,-0.04884059350155989,0.16666666666666666,25.83113077230726,-0.0018999999999991246,-0.046999999999997044,100
N93WP,27,34.6588,-118.191,7525,460,600.0,-0.5637399002850791,-0.8259523744300085,-0.041666666666666664,33.114261796977445,-0.04099999999999682,-0.033999999999991815,-25
N948HF,11,34.3565,-117.832,40875,460,600.0,-0.8337573251734924,0.5521310738579592,-13.208333333333334,576.0485020845276,0.4736000000000047,-0.8770000000000095,-7925
N950LA,2,34.7004,-118.088,3900,460,600.0,0.23072714596069874,0.9730184911484624,-0.8333333333333334,7.130992894168769,0.010399999999997078,0.0030000000000001137,-500
N950LA,2,34.7108,-118.085,3400,460,600.0,1.2246467991473532e-16,-1.0,0.4166666666666667,6.137959950778073,-0.009199999999999875,0.0,250
N950LA,3,34.7033,-118.077,3050,460,600.0,-0.9926837967088429,-0.12074303189715212,0.625,0.5525306916408632,-9.999999999621423e-05,-0.0010000000000047748,375
N950LA,3,34.7032,-118.078,3425,460,600.0,-0.93818972433557,-0.3461214254436544,-0.625,16.95590000988377,-0.008800000000000807,-0.028999999999996362,-375
N954LA,3,34.6891,-118.101,3000,460,600.0,-0.8789834358233684,-0.47685230370435094,0.16666666666666666,25.594135905260067,-0.018300000000003536,-0.04099999999999682,100
N954LA,7,34.679,-118.138,2900,460,600.0,-0.08277095890035042,0.996568596917802,0.4166666666666667,6.627723758508912,0.00989999999999469,-0.000999999999990564,250
N954LA,8,34.6995,-118.14,3250,460,600.0,-0.5517620672389422,-0.8340015714350958,-0.16666666666666666,6.959509243314021,-0.008699999999997488,-0.007000000000005002,-100
N954LA,8,34.6908,-118.147,3150,460,600.0,0.9474125906159823,-0.3200146608240211,-0.041666666666666664,5.2113337551418395,-0.0025000000000048317,0.009000000000000341,-25
N954LA,8,34.6883,-118.138,3125,460,600.0,-0.9496121968382547,-0.31342730515388045,0.25,4.0439637529446175,-0.0018999999999991246,-0.006999999999990791,150
N954LA,8,34.6864,-118.145,3275,460,600.0,-0.08713386441774934,0.9961966119555061,-0.375,6.295340208799215,0.009399999999999409,-0.0010000000000047748,-225
N954LA,11,34.6734,-118.152,2625,460,600.0,0.9812885516898923,-0.19254292592134803,3.0416666666666665,99.00346874219129,-0.028700000000000614,0.1770000000000067,1825
N954LA,15,34.6532,-118.073,3000,460,600.0,-0.32753420517160625,-0.9448393220239112,0.4583333333333333,46.954692869089975,-0.06649999999999778,-0.028000000000005798,275
N954LA,15,34.5867,-118.101,3275,460,600.0,-0.6515536291235405,0.7586025760409358,-0.7916666666666666,91.7715042622634,0.10430000000000206,-0.10899999999999466,-475
N954LA,16,34.6134,-118.145,3250,460,600.0,0.8366718407147579,0.5477045106213557,0.041666666666666664,83.27769738001338,0.0683000000000007,0.12699999999999534,25
N956LA,4,34.5502,-118.019,3975,460,600.0,-0.9217542390266862,0.3877745773466004,-1.125,100.6779746791679,0.058400000000006,-0.16899999999999693,-675
N956LA,8,34.7019,-118.083,3700,92,600.0,0.41543725941894605,0.9096218354274898,-1.0416666666666667,2.6404613674243267,0.0035999999999987153,0.001999999999995339,-625
N956LA,9,34.7081,-118.079,3275,460,600.0,-0.6414259323722193,-0.7671849667977267,-0.16666666666666666,5.130708320868791,-0.005900000000004013,-0.006000000000000227,-100
N956LA,9,34.7022,-118.085,3175,460,600.0,-0.9393973660355596,0.3428302622077768,0.375,3.5032009720354758,0.0018000000000029104,-0.006000000000000227,225
N956LA,9,34.704,-118.091,3400,460,600.0,0.9665254796941805,0.2565706473896309,-0.25,6.242088454780287,0.002400000000001512,0.01099999999999568,-150
N959LA,0,34.5865,-118.047,3750,460,600.0,-0.7781562966719051,0.6280706791037661,-1.125,114.19955058003914,0.10739999999999839,-0.16200000000000614,-675
N959LA,1,34.6641,-118.207,3750,460,600.0,0.972063121778276,-0.2347195928734382,0.5416666666666666,107.87248058259513,-0.03810000000000002,0.1909999999999883,325
N959LA,1,34.626,-118.016,4075,460,600.0,-0.9946188043555296,-0.10360228772752392,-0.16666666666666666,72.31787173791733,-0.011299999999998533,-0.13100000000000023,-100
N959LA,1,34.6147,-118.147,3975,460,600.0,-0.5987506448983045,0.8009354938032553,-0.2916666666666667,43.9895884767241,0.05279999999999774,-0.04799999999998761,-175
N959LA,1,34.6675,-118.195,3800,460,600.0,0.7243835879577176,0.6893971406217925,0.20833333333333334,25.746928187047413,0.026600000000001955,0.033999999999991815,125
N959LA,4,34.6252,-118.182,3500,460,600.0,0.6376408525556382,-0.7703337868431572,-0.041666666666666664,32.73266513361761,-0.03779999999999717,0.0379999999999967,-25
N959LA,4,34.5874,-118.144,3475,460,600.0,0.10628174086150478,0.9943360556469065,-0.125,15.499429223570342,0.023099999999999454,0.0030000000000001137,-75
N959LA,11,34.6158,-118.123,3100,460,600.0,-0.14973136570845616,0.9887267155908556,0.125,10.998881844883266,0.01630000000000109,-0.0030000000000001137,75
N959LA,12,34.5791,-118.099,3250,460,600.0,-0.9189880883479945,-0.39428529451971533,0.125,8.966569565548536,-0.005299999999998306,-0.015000000000000568,75
N959LA,13,34.6498,-118.113,3450,460,600.0,-0.6859788576869082,-0.7276214722000475,-0.16666666666666666,8.801964356099107,-0.009599999999998943,-0.01099999999999568,-100
N959LA,13,34.6402,-118.124,3350,460,600.0,-0.20848454906377975,-0.9780256606049109,0.0,42.15674830264649,-0.06179999999999808,-0.016000000000005343,0
N9640Q,0,34.67,-118.296,4300,460,600.0,0.9137485907622611,0.40628009166089074,-0.08333333333333333,17.4123422801068,0.010599999999996612,0.029000000000010573,-50
N9640Q,0,34.6806,-118.267,4250,460,600.0,-0.4155669962499515,-0.9095625715847111,-0.08333333333333333,3.960905183581679,-0.005400000000001626,-0.0030000000000001137,-50
N9640Q,0,34.6752,-118.27,4200,460,600.0,-0.3529193366688991,0.9356537510239481,0.041666666666666664,7.772337035155226,0.010900000000006571,-0.005000000000009663,25
N9640Q,0,34.6861,-118.275,4225,460,600.0,-0.7167461754732923,0.6973341522859815,0.041666666666666664,0.7653982966070234,0.0007999999999981355,-0.000999999999990564,25
N9640Q,5,34.6775,-118.277,4050,460,600.0,-0.9077598300874989,0.4194902750714432,0.2916666666666667,3.021977723896083,0.0018999999999991246,-0.0049999999999954525,175
N9640Q,5,34.6794,-118.282,4225,460,600.0,0.656340748518548,-0.7544645928299831,0.125,9.196235114755744,-0.010400000000004184,0.01099999999999568,75
NASA802,3,34.3501,-118.144,41025,513,600.0,0.44573041986952505,0.8951672429233193,0.0,303.74591843914015,0.40729999999999933,0.2469999999999999,0
NASA802,12,34.565,-118.033,4325,460,600.0,0.5796397557452689,0.8148728450252622,0.125,104.10231425902391,0.12710000000000576,0.10999999999999943,75
NASA802,12,34.6921,-117.923,4400,256,600.0,-0.9961740113431857,-0.08739187104317228,0.08333333333333333,118.41613323715075,-0.01570000000000249,-0.2150000000000034,50
NASA802,12,34.6764,-118.138,4450,251,600.0,0.9916795938143609,-0.1287306615076,-1.0416666666666667,82.45301950797129,-0.015999999999998238,0.1490000000000009,-625
NASA802,12,34.6604,-117.989,3825,460,600.0,-0.868289395780201,0.4960579856989033,0.9166666666666666,20.852590269663715,0.01549999999999585,-0.03300000000000125,550
NASA806,1,34.7616,-118.141,7450,460,600.0,0.3828029936445919,-0.9238299995436057,-5.125,91.77670728215948,-0.12709999999999866,0.06400000000000716,-3075
NASA806,1,34.6345,-118.077,4375,460,600.0,0.2915764052821143,-0.9565475418831832,-1.5416666666666667,15.06531312100558,-0.021599999999999397,0.007999999999995566,-925
NASA806,6,34.638,-118.099,3775,460,600.0,0.9417777320450753,-0.3362360828704057,-0.625,29.147928706336472,-0.014699999999997715,0.04999999999999716,-375
NASA806,7,34.6195,-118.059,4000,460,600.0,-0.8575950110967339,0.5143255748472876,-1.0,19.202932314457595,0.014800000000001035,-0.030000000000001137,-600
NASA806,8,34.6073,-118.082,3325,460,600.0,0.7118886703517947,0.702292333024328,-0.20833333333333334,13.11095963873678,0.01379999999999626,0.016999999999995907,-125
NASA806,8,34.6211,-118.065,3200,460,600.0,0.3718831819566983,0.9282795370887809,0.125,22.137119293347954,0.030799999999999272,0.015000000000000568,75
NASA806,9,34.6246,-118.099,4000,460,600.0,0.1184108335935361,0.9929646894465503,-1.4166666666666667,4.636089011203588,0.0069000000000016826,0.0010000000000047748,-850
NASA806,9,34.6315,-118.098,3150,460,600.0,0.8687484663034265,0.49525357373313744,-0.041666666666666664,30.32302639207299,0.022500000000000853,0.04800000000000182,-25
NASA806,9,34.654,-118.05,3125,460,600.0,-0.9916808613618695,-0.12872089654978555,0.4166666666666667,16.049727557257057,-0.0031000000000034333,-0.028999999999996362,250
NASA806,14,34.7063,-117.896,5050,460,600.0,-0.8673171355366385,-0.4977559506470216,-3.5416666666666665,134.85927738881924,-0.10079999999999956,-0.21299999999999386,-2125
NASA817,1,34.712,-118.354,7100,233,600.0,0.9855825321117947,-0.16919536753736236,-4.333333333333333,147.52695055041676,-0.037700000000000955,0.26500000000000057,-2600
NASA817,1,34.6743,-118.089,4500,209,600.0,-0.48931453506748784,-0.8721073820188018,-3.1666666666666665,33.657562390064406,-0.044000000000004036,-0.030000000000001137,-1900
NASA817,1,34.6303,-118.119,2600,460,600.0,0.0,1.0,-0.041666666666666664,0.0,0.0,0.0,-25
NASA817,2,34.6699,-118.168,4150,207,600.0,0.9983500428361426,-0.05742118049180238,2.7083333333333335,78.0518201803998,-0.006799999999998363,0.14200000000001012,1625
NASA817,2,34.6631,-118.026,5775,242,600.0,-0.9809750017316253,-0.19413409277516855,-1.4583333333333333,120.32123082615891,-0.03520000000000323,-0.2150000000000034,-875
NASA817,2,34.6279,-118.241,4900,173,600.0,0.9807142472293991,0.19544709074650624,-0.7916666666666666,101.84393849441349,0.02970000000000539,0.18200000000000216,-475
OCEAN,7,34.6539,-118.043,4025,168,600.0,-0.44978413487602803,0.8931372974038331,0.125,3.66030548944149,0.004899999999999238,-0.0030000000000001137,75
OCEAN,8,34.6339,-118.058,2925,157,600.0,-0.8773454614704739,0.47985929316536247,-0.041666666666666664,2.5027102438299065,0.0018000000000029104,-0.003999999999990678,-25
OCEAN,8,34.6357,-118.062,2900,460,600.0,-0.9656926254213797,0.25968779949539966,1.9583333333333333,35.23726673316083,0.013700000000000045,-0.06199999999999761,1175
OCEAN,8,34.6494,-118.124,4075,460,600.0,0.9926889565820011,0.12070060265026816,-0.041666666666666664,3.3172971758252974,0.0005999999999986017,0.006000000000000227,-25
OCEAN,8,34.65,-118.118,4050,460,600.0,0.9970484280053196,0.07677520571200804,0.125,35.778482167817046,0.004100000000001103,0.06499999999999773,75
OCEAN,8,34.6541,-118.053,4125,182,600.0,0.32130879516802974,-0.9469744759747588,-2.0,13.667649431434274,-0.01939999999999742,0.007999999999995566,-1200
OCEAN11,6,34.6346,-118.038,3825,460,600.0,0.9485584404636667,0.31660209257858135,1.6666666666666667,133.00277743201517,0.06289999999999907,0.22999999999998977,1000
OCEAN11,6,34.6975,-117.808,4825,460,600.0,-0.9876854328337029,-0.15645282281921571,-1.4583333333333333,157.23875464943595,-0.03719999999999857,-0.28299999999998704,-875
OCEAN11,6,34.6603,-118.091,3950,460,600.0,0.9997975258500191,0.020122308619549594,1.4166666666666667,119.10277228493499,0.0033999999999991815,0.21699999999999875,850
OCEAN11,6,34.6637,-117.874,4800,460,600.0,-0.9970189111575687,-0.07715757120449171,-1.1666666666666667,140.37743866862849,-0.016500000000000625,-0.25500000000000966,-700
OCEAN11,12,34.6536,-118.093,3900,460,600.0,0.9995868533370285,-0.028742349169437582,-0.375,38.982899884446276,-0.0016999999999995907,0.07099999999999795,-225
OCEAN11,13,34.6842,-117.932,4900,223,600.0,-0.9994244652684692,0.03392253267128675,0.041666666666666664,92.76399258805043,0.00460000000000349,-0.16899999999999693,25
OCEAN11,13,34.6888,-118.101,4925,233,600.0,0.12817413377379375,-0.9917516783103206,-2.625,38.54653930251177,-0.05729999999999791,0.009000000000000341,-1575
OCEAN21,1,34.6615,-118.041,3700,189,600.0,0.11274834774160172,-0.9936235756470047,-0.875,9.736028774230146,-0.014499999999998181,0.001999999999995339,-525
OCEAN21,3,34.7004,-118.003,4825,244,600.0,-0.8980187171593726,-0.439957252050054,-0.9166666666666666,70.28097333216938,-0.04639999999999844,-0.11499999999999488,-550
OCEAN21,3,34.654,-118.118,4275,221,600.0,-0.9685870540726357,0.24867472465631293,-0.625,10.198570303397446,0.0037999999999982492,-0.018000000000000682,-375
OCEAN21,4,34.6313,-118.097,2675,460,600.0,-0.9987233479084222,-0.05051410043337009,0.7916666666666666,6.596034368841202,-0.0005000000000023874,-0.012000000000000455,475
OCEAN21,4,34.6308,-118.109,3150,460,600.0,0.9042928617293596,0.4269126611208963,-0.75,40.66084260332299,0.02599999999999625,0.06699999999999307,-450
OCEAN21,7,34.6417,-118.042,3125,460,600.0,-0.9224651397759174,-0.3860803878704501,6.416666666666667,154.8755662701139,-0.08990000000000009,-0.2600000000000051,3850
PCM8654,6,34.4916,-118.138,10125,460,600.0,0.04409474326412049,0.9990273537879087,0.875,248.296232260914,0.37180000000000035,0.020000000000010232,525
QXE2038,2,34.4815,-117.562,34800,460,600.0,-0.899796653794372,0.43630950232656057,0.041666666666666664,666.991904571276,0.43130000000000024,-1.0970000000000084,25
QXE2038,4,34.5389,-117.753,36550,488,600.0,-0.8891681200157173,0.45758065338005166,0.0,614.9555170423655,0.4177000000000035,-1.0,0
QXE2353,13,34.5645,-117.84,34875,490,600.0,-0.8829057043970354,0.4695503350474522,9.458333333333334,597.4624679504378,0.41669999999999874,-0.9650000000000034,5675
REY13,2,34.7907,-118.357,25675,306,600.0,0.9844390781747716,-0.17572621136986363,0.0,512.3365230966492,-0.1384000000000043,0.9189999999999969,0
REY13,5,34.6834,-117.7,20225,460,600.0,-0.9941071459023643,0.1084019486257304,-0.08333333333333333,406.96309011553524,0.06390000000000384,-0.7379999999999995,-50
REY13,6,34.6023,-117.964,24275,313,600.0,-0.7930874584459592,0.6091077763875035,-6.916666666666667,429.3456031451844,0.39039999999999964,-0.6230000000000047,-4150
SCAT41,1,34.5708,-117.751,51300,460,600.0,-0.04997404592838002,0.9987505167625939,-18.625,316.9702889910786,0.47449999999999903,-0.028999999999996362,-11175
SKW3196,11,34.8403,-118.715,37900,440,600.0,0.9377614206224301,-0.3472801721840766,-0.08333333333333333,739.795531520252,-0.39159999999999684,1.26100000000001,-50
SKW3312,24,34.6103,-117.811,30025,488,600.0,-0.935692613231382,0.3528162886605823,-0.20833333333333334,665.5989767200438,0.34669999999999845,-1.1389999999999958,-125
SKW3315,1,34.5726,-117.408,26750,421,600.0,-0.9326041985991279,0.3609008295297732,6.958333333333333,611.9504268189836,0.3265999999999991,-1.0429999999999922,4175
SKW3369,0,34.5915,-117.614,28275,460,600.0,-0.9345244188946259,0.35589901726425416,-0.25,511.9774820332668,0.269999999999996,-0.8739999999999952,-150
SKW3410,14,34.5655,-117.548,28525,437,600.0,-0.9463858582286814,0.3230383991799769,0.7916666666666666,595.8808276142659,0.28419999999999845,-1.0300000000000011,475
SKW3432,7,34.407,-117.935,34075,518,600.0,-0.8329281167766486,0.5533811997917039,-0.08333333333333333,750.3956599175323,0.6171000000000006,-1.1439999999999912,-50
SKW4994,10,34.591,-117.376,36475,518,600.0,-0.9564279432746938,0.2919684731667772,-6.916666666666667,712.2912202866017,0.3053999999999988,-1.2449999999999903,-4150
SKW5509,7,34.5973,-117.581,27475,523,600.0,-0.9551800042981825,0.29602560596834204,1.75,709.1317012475304,0.308400000000006,-1.2379999999999995,1050
SKW5583,1,34.4943,-117.605,34600,516,600.0,-0.8477996691290247,0.5303166233720344,-0.16666666666666666,637.5551388347606,0.5028000000000006,-0.9889999999999901,-100
SKW5827,11,34.4486,-117.494,28925,453,600.0,-0.8843241074357407,0.46687350857376814,0.0,681.6907156270015,0.4720999999999975,-1.1020000000000039,0
SKW5827,30,34.5501,-117.527,27975,442,600.0,-0.9762335451181159,0.21672116967688151,8.166666666666666,601.4481653446394,0.19069999999999965,-1.070999999999998,4900
SKW5997,3,34.4671,-117.8,28575,460,600.0,-0.8936693692717422,0.44872603938867456,0.0,699.5590848941048,0.46519999999999584,-1.1430000000000007,0
SKW5997,24,34.5989,-117.707,23775,460,600.0,-0.9700895625989059,0.24274727709423125,6.791666666666667,266.8938920836241,0.09619999999999607,-0.4720000000000084,4075
SKW5997,35,34.6019,-117.718,28025,509,600.0,-0.9082608674780157,0.41840434582838937,0.0,607.2823531497512,0.3766999999999996,-1.0090000000000003,0
STMPD19,2,34.66,-118.074,3975,180,600.0,-0.7940967421927392,0.6077913820044493,0.041666666666666664,11.74663143475187,0.010699999999999932,-0.016999999999995907,25
STMPD19,6,34.5694,-117.822,20350,325,600.0,-0.9558975240246251,0.29370039762246003,0.041666666666666664,471.24989289061205,0.20469999999999544,-0.8220000000000027,25
STMPD19,12,34.6821,-117.865,6650,182,600.0,-0.9936850081805486,-0.11220563496198857,0.5416666666666666,194.97445230843994,-0.033299999999997,-0.35300000000000864,325
SWA1981,6,34.6911,-117.51,34600,460,600.0,-0.9952564894814226,-0.09728576537764876,-0.08333333333333333,676.588511344295,-0.10479999999999734,-1.225999999999999,-50
SWA1984,0,34.4555,-118.391,31625,518,600.0,-0.7086061356548702,0.7056042407130726,7.666666666666667,555.0314302482649,0.5848999999999975,-0.7199999999999989,4600
SWA2012,17,34.5302,-117.515,36250,520,600.0,-0.8575444966451647,0.5144097941073741,3.5416666666666665,734.6194012779732,0.5609999999999999,-1.1539999999999964,2125
SWA2130,1,34.6454,-117.467,32425,525,600.0,-0.9826596666872163,-0.18541839031274407,-7.75,665.0729894550761,-0.19060000000000343,-1.1880000000000024,-4650
SWA2152,7,34.5368,-117.245,36225,523,600.0,-0.944964583161239,0.3271726403153324,-0.125,695.0842364642472,0.33500000000000085,-1.1999999999999886,-75
SWA2267,5,34.5207,-117.701,34425,527,600.0,-0.830142119705904,0.5575518461006013,10.083333333333334,743.3317566292818,0.6159999999999997,-1.1310000000000002,6050
SWA256,7,34.5715,-117.395,35325,493,600.0,-0.9196332978945106,0.39277805107167874,8.708333333333334,720.3394106883202,0.4181000000000026,-1.2120000000000033,5225
SWA256,20,34.498,-117.494,28650,520,600.0,-0.9953975643251383,0.0958315654447017,16.791666666666668,680.8796583597673,0.09159999999999968,-1.2339999999999947,10075
SWA2593,9,34.6884,-117.535,34725,527,600.0,-0.995342214998111,-0.09640474595503082,-0.041666666666666664,676.5448886677747,-0.10390000000000299,-1.225999999999999,-25
SWA3272,15,34.3561,-117.632,38150,460,600.0,-0.8845522857071776,0.4664410507772741,-0.125,738.8935101716405,0.5108000000000033,-1.1939999999999884,-75
SWA354,3,34.6866,-117.553,34450,460,600.0,-0.9852313059907962,-0.17122871749700774,0.25,736.722842850946,-0.1961999999999975,-1.3200000000000074,150
SWA518,17,34.5436,-117.66,38050,513,600.0,-0.8604129794334868,0.5095973948347755,-3.6666666666666665,593.9324193210789,0.45009999999999906,-0.9350000000000023,-2200
SWA757,0,34.4927,-117.6,36525,511,600.0,-0.8540515774710039,0.5201883341822363,-0.4166666666666667,692.142089409049,0.5349000000000004,-1.0820000000000078,-250
SWA992,14,34.4686,-117.353,27025,460,600.0,-0.9417781326882613,0.3362349606900088,-0.08333333333333333,722.8237940194821,0.357999999999997,-1.2430000000000092,-50
SWA992,16,34.5428,-117.62,37150,534,600.0,-0.9742772450265816,0.2253527231329016,0.20833333333333334,611.0695820536095,0.2015999999999991,-1.0859999999999985,125
TAI560,7,34.2653,-117.915,36825,460,600.0,-0.8074066379238412,0.5899953567923389,-0.125,793.6711930988795,0.6962999999999937,-1.171999999999997,-75
TAI560,9,34.5257,-118.222,36875,525,600.0,-0.8259820107372273,0.5636964767838157,-0.08333333333333333,713.5014012730638,0.5981000000000023,-1.0800000000000125,-50
TAI560,17,34.5489,-118.25,35825,534,600.0,-0.8277602876797074,0.5610819068018572,0.041666666666666664,668.5971994561672,0.558099999999996,-1.0139999999999958,25
TAI560,29,34.3562,-118.078,36775,513,600.0,-0.8068856067974264,0.5907077259890452,-0.16666666666666666,703.2700898616928,0.6182999999999979,-1.0379999999999967,-100
TAI561,7,34.9373,-118.609,35725,513,600.0,0.7955621877785881,-0.6058719380999144,-0.041666666666666664,815.7687924703998,-0.7464999999999975,1.1759999999999877,-25
TAI562,7,34.3605,-118.145,38450,460,600.0,-0.7993340880397836,0.6008868576509288,0.041666666666666664,722.624251935243,0.6462999999999965,-1.0570000000000022,25
TAI562,15,34.3498,-118.102,37150,516,600.0,-0.802642606521255,0.5964602637198608,-0.041666666666666664,662.3291236626957,0.5882999999999967,-0.9719999999999942,-25
TAI562,27,34.5039,-118.217,38025,518,600.0,-0.822194800009823,0.5692062111720207,0.08333333333333333,675.3724691108692,0.5719999999999956,-1.016999999999996,50
TAI562,39,34.4334,-118.183,37400,518,600.0,-0.8104914280852955,0.5857504972257883,-0.20833333333333334,690.1863018158773,0.601700000000001,-1.0239999999999867,-125
TWY1026,4,34.5739,-117.421,31825,527,600.0,-0.9441936468776878,0.32939088814934186,19.291666666666668,743.7782785173207,0.3604999999999947,-1.2839999999999918,11575
UAL1953,3,34.5791,-117.484,27050,460,600.0,-0.9401713058815251,0.3407020921524079,16.958333333333332,716.6718609515877,0.3597999999999999,-1.2319999999999993,10175
UAL2027,9,34.9572,-118.584,39750,460,600.0,0.8904705282470421,-0.455040919394546,0.0,827.2859021958661,-0.5716000000000037,1.338000000000008,0
UAL2306,4,34.3478,-118.624,28100,460,600.0,0.8549459951472623,0.5187170185965151,12.916666666666666,850.7966374421479,0.6542999999999992,1.3309999999999889,7750
UAL2414,18,34.6395,-117.502,30625,541,600.0,-0.9826401973656879,-0.1855215419327955,-8.291666666666666,678.6029166302936,-0.19469999999999743,-1.2120000000000033,-4975
UAL2628,11,35.0246,-117.862,34500,460,600.0,0.4301347500775335,-0.902764696239135,-1.2083333333333333,182.18258261073274,-0.24660000000000082,0.14300000000000068,-725
UAL2628,12,34.986,-118.04,33725,460,600.0,0.9105946575229855,-0.4133005803172756,0.041666666666666664,158.0612328352426,-0.09819999999999851,0.26300000000000523,25
UAL821,21,34.8836,-118.876,35300,460,600.0,0.7591764020699636,-0.6508849288008635,0.25,764.5261269082246,-0.7503999999999991,1.051000000000002,150
UPS51,7,35.0027,-118.601,29175,460,600.0,0.7726124409726226,-0.6348779536685186,-18.333333333333332,659.2936585960932,-0.6308999999999969,0.9249999999999972,-11000
UPS59,0,35.1293,-118.715,31200,460,600.0,0.7795951987191347,-0.6262837425113899,-26.25,675.7320381351503,-0.6381000000000014,0.9579999999999984,-15750
VOI902,14,34.3878,-118.074,35800,516,600.0,-0.6830042333732798,0.7304144146949583,0.041666666666666664,622.8214072534406,0.6794000000000011,-0.7789999999999964,25
VOI951,5,34.8897,-118.493,36150,511,600.0,0.6365417035510231,-0.771242283358713,2.5833333333333335,779.5859958602501,-0.9044999999999987,0.8969999999999914,1550
VOI970,12,34.3706,-117.974,38950,513,600.0,-0.6325953655969578,0.7744824745759269,0.0,670.9357817883916,0.7763999999999953,-0.7779999999999916,0
WAYLN41,0,34.7701,-118.305,4925,460,600.0,0.19997104490064535,0.97980180710251,6.875,52.023519784861556,0.07639999999999958,0.019000000000005457,4125
WAYLN41,3,34.691,-117.878,4850,203,600.0,-0.9818722268200035,-0.18954400597098167,-1.625,110.66416793402787,-0.03160000000000451,-0.1979999999999933,-975
WAYLN41,3,34.6594,-118.076,3875,460,600.0,-0.25879442818890613,-0.9659324220349874,0.08333333333333333,38.19479834379568,-0.055299999999995464,-0.018000000000000682,50
WAYLN41,3,34.6041,-118.094,3925,460,600.0,0.3545316577605948,0.935044011608825,1.5416666666666667,126.74013186263983,0.1775999999999982,0.08199999999999363,925
WAYLN41,4,34.6965,-117.922,4450,460,600.0,-0.9661823099502995,-0.257859930852204,-1.2083333333333333,124.97412426022427,-0.0484999999999971,-0.21999999999999886,-725
WAYLN41,5,34.5991,-118.063,3900,460,600.0,0.19640752339752554,0.9805223530102974,1.7083333333333333,78.1827306800056,0.11489999999999867,0.028000000000005798,1025
WAYLN42,0,34.61,-118.125,3850,460,600.0,0.9994331268890534,0.033666376056376505,-0.25,46.149731402551346,0.0022999999999981924,0.08400000000000318,-150
WAYLN42,4,34.6282,-118.217,4375,186,600.0,-0.8378221054908406,0.5459433299811389,2.5416666666666665,77.91512617488769,0.0636999999999972,-0.11899999999999977,1525
WAYLN42,4,34.6919,-118.336,5900,460,600.0,0.9473226327572083,-0.320280860286642,-4.375,127.4890672407608,-0.06139999999999901,0.21999999999999886,-2625
WAYLN42,4,34.6305,-118.116,3275,460,600.0,-0.9998469006845868,0.017497862481627026,-0.5,15.37343320376088,0.00039999999999906777,-0.028000000000005798,-300
WAYLN42,4,34.6309,-118.144,2975,460,600.0,0.9993765690914476,-0.03530542665097033,-0.5416666666666666,13.183541277869827,-0.0006999999999948159,0.02400000000000091,-325
WAYLN42,8,34.6104,-118.082,3975,460,600.0,-0.16122846883136732,0.9869171094059991,2.375,51.0396602814659,0.07549999999999812,-0.015000000000000568,1425
WAYLN42,9,34.6006,-118.043,3875,460,600.0,-0.01170485608453223,0.9999314958256093,2.375,93.67703435320071,0.14039999999999964,-0.001999999999995339,1425
WAYLN42,16,34.7053,-117.941,4850,460,600.0,-0.9104678798015928,-0.41357978655827976,-2.9166666666666665,101.28162643446448,-0.06289999999999907,-0.16799999999999216,-1750
WAYLN50,0,34.6139,-118.013,3825,460,600.0,-0.9839830196680659,0.1782622141815662,-1.0416666666666667,60.81200846934171,0.016199999999997772,-0.10899999999999466,-625
WAYLN50,0,34.6301,-118.122,3200,460,600.0,0.9143642192168777,0.4048926704892417,1.2916666666666667,56.41310165692804,0.034199999999998454,0.09399999999999409,775
WAYLN50,10,34.7013,-117.901,4925,460,600.0,-0.9999543418746546,-0.009555844600369097,-0.2916666666666667,95.9937251956198,-0.0015000000000000568,-0.17499999999999716,-175
WAYLN50,10,34.6998,-118.076,4750,198,600.0,-0.5489152974222553,-0.8358779792863531,-1.1666666666666667,35.993070515502836,-0.045100000000005025,-0.036000000000001364,-700
WAYLN50,10,34.6547,-118.112,4050,460,600.0,0.93933430000513,0.3430030216104116,1.4166666666666667,105.09720067446041,0.05389999999999873,0.1799999999999926,850
WAYLN50,10,34.7086,-117.932,4900,212,600.0,-0.8108158865859243,-0.5853012882779959,-1.1666666666666667,119.20049482236172,-0.10469999999999402,-0.17600000000000193,-700
XLJ784,6,34.5484,-118.252,33025,534,600.0,-0.8275026232866949,0.5614618495086182,6.666666666666667,678.6306546180853,0.5668000000000006,-1.0290000000000106,4000
